{
  "accuracy": 0.9916666666666667,
  "precision": 0.9918478260869565,
  "recall": 0.9916666666666667,
  "f1": 0.9916568986568988,
  "confusion_matrix": [
    [
      37,
      0,
      0
    ],
    [
      0,
      45,
      0
    ],
    [
      0,
      1,
      37
    ]
  ]
}